ID,agreement,subjectivity,confidence,irony,angry,fear,Class
1,DISAGREEMENT,SUBJECTIVE,86,NONIRONIC,0.200280017,0.127192179,1
2,DISAGREEMENT,SUBJECTIVE,76,IRONIC,0.186209282,0.269985999,0
3,DISAGREEMENT,SUBJECTIVE,86,NONIRONIC,0.337662481,0.188343289,1
4,DISAGREEMENT,OBJECTIVE,84,NONIRONIC,0.249139457,0.223564722,1
5,AGREEMENT,OBJECTIVE,100,NONIRONIC,0.295509559,0.237420396,1
6,DISAGREEMENT,SUBJECTIVE,76,IRONIC,0.234989871,0.156412464,0
7,DISAGREEMENT,SUBJECTIVE,86,NONIRONIC,0.101705184,0.401048651,1
8,DISAGREEMENT,SUBJECTIVE,84,NONIRONIC,0.115672523,0.095182916,0
9,DISAGREEMENT,SUBJECTIVE,76,IRONIC,0.133818498,0.211267222,0
10,DISAGREEMENT,SUBJECTIVE,86,NONIRONIC,0.191954514,0.18688816,0
11,DISAGREEMENT,SUBJECTIVE,86,NONIRONIC,0.225763592,0.15736668,0
12,DISAGREEMENT,SUBJECTIVE,86,NONIRONIC,0.199083775,0.242816998,0
13,DISAGREEMENT,SUBJECTIVE,86,NONIRONIC,0.260295773,0.204485985,1
14,DISAGREEMENT,OBJECTIVE,94,NONIRONIC,0.304144715,0.189300456,1
15,DISAGREEMENT,SUBJECTIVE,86,NONIRONIC,0.17809056,0.188688349,0
16,DISAGREEMENT,SUBJECTIVE,86,NONIRONIC,0.231795029,0.169728848,0
17,DISAGREEMENT,SUBJECTIVE,86,NONIRONIC,0.168309133,0.14262738,1
18,DISAGREEMENT,SUBJECTIVE,83,NONIRONIC,0.352512509,0.187973408,1
19,DISAGREEMENT,SUBJECTIVE,86,NONIRONIC,0.33974117,0.163611399,0
20,DISAGREEMENT,SUBJECTIVE,86,NONIRONIC,0.396142581,0.18282175,1
21,DISAGREEMENT,SUBJECTIVE,92,NONIRONIC,0.144107474,0.250946433,0
22,DISAGREEMENT,SUBJECTIVE,86,NONIRONIC,0.26029294,0.14622312,0
23,DISAGREEMENT,SUBJECTIVE,84,NONIRONIC,0.395340424,0.183459495,1
24,DISAGREEMENT,SUBJECTIVE,86,NONIRONIC,0.279021664,0.315870873,0
25,DISAGREEMENT,SUBJECTIVE,86,NONIRONIC,0.248130519,0.20186258,1
26,DISAGREEMENT,SUBJECTIVE,74,IRONIC,0.294122568,0.14557335,0
27,DISAGREEMENT,SUBJECTIVE,86,NONIRONIC,0.319318294,0.209244555,1
28,DISAGREEMENT,SUBJECTIVE,86,NONIRONIC,0.275486506,0.155205766,0
29,DISAGREEMENT,SUBJECTIVE,76,IRONIC,0.2757002,0.170875407,0
30,DISAGREEMENT,SUBJECTIVE,84,NONIRONIC,0.174070153,0.185902581,1
31,DISAGREEMENT,SUBJECTIVE,86,NONIRONIC,0.172010706,0.221772431,0
32,DISAGREEMENT,SUBJECTIVE,76,IRONIC,0.222107727,0.169546909,0
33,DISAGREEMENT,SUBJECTIVE,73,IRONIC,0.246644983,0.197598311,0
34,DISAGREEMENT,SUBJECTIVE,76,IRONIC,0.357580882,0.154517863,0
35,DISAGREEMENT,SUBJECTIVE,73,IRONIC,0.364055803,0.181100798,1
36,DISAGREEMENT,SUBJECTIVE,74,IRONIC,0.154064997,0.26127405,1
37,DISAGREEMENT,SUBJECTIVE,86,NONIRONIC,0.425771474,0.118713184,0
38,DISAGREEMENT,SUBJECTIVE,84,NONIRONIC,0.233273275,0.361385996,0
39,DISAGREEMENT,SUBJECTIVE,76,IRONIC,0.136881897,0.233563801,0
40,DISAGREEMENT,SUBJECTIVE,86,NONIRONIC,0.13675086,0.274108107,1
41,DISAGREEMENT,SUBJECTIVE,86,NONIRONIC,0.345117695,0.184139862,0
42,DISAGREEMENT,SUBJECTIVE,86,NONIRONIC,0.413525264,0.125296744,1
43,DISAGREEMENT,SUBJECTIVE,91,NONIRONIC,0.105154236,0.288000357,0
44,DISAGREEMENT,SUBJECTIVE,83,NONIRONIC,0.467763634,0.153021992,0
45,DISAGREEMENT,SUBJECTIVE,91,NONIRONIC,0.060220054,0.094568664,1
46,DISAGREEMENT,SUBJECTIVE,86,NONIRONIC,0.355167855,0.171823633,0
47,DISAGREEMENT,SUBJECTIVE,86,NONIRONIC,0.144447029,0.170229748,1
48,DISAGREEMENT,SUBJECTIVE,91,NONIRONIC,0.11277117,0.171460958,1
49,DISAGREEMENT,SUBJECTIVE,86,NONIRONIC,0.480635175,0.12610305,0
50,DISAGREEMENT,SUBJECTIVE,76,IRONIC,0.105618631,0.209115563,0
51,DISAGREEMENT,SUBJECTIVE,76,IRONIC,0.20126284,0.214225101,0
52,DISAGREEMENT,SUBJECTIVE,76,IRONIC,0.434266536,0.128052272,0
53,DISAGREEMENT,SUBJECTIVE,76,IRONIC,0.16967877,0.199716196,1
54,DISAGREEMENT,SUBJECTIVE,86,NONIRONIC,0.255785589,0.256505696,0
55,DISAGREEMENT,SUBJECTIVE,76,IRONIC,0.124957144,0.275412054,0
56,DISAGREEMENT,SUBJECTIVE,74,IRONIC,0.188373305,0.160404272,1
57,DISAGREEMENT,SUBJECTIVE,73,IRONIC,0.18039476,0.313425846,0
58,DISAGREEMENT,SUBJECTIVE,86,NONIRONIC,0.184487134,0.181325649,1
59,DISAGREEMENT,OBJECTIVE,92,NONIRONIC,0.102431565,0.359457364,1
60,AGREEMENT,OBJECTIVE,100,NONIRONIC,0.226663096,0.103750893,1
61,DISAGREEMENT,SUBJECTIVE,91,NONIRONIC,0.407713667,0.195560854,1
62,DISAGREEMENT,SUBJECTIVE,86,NONIRONIC,0.15648434,0.340199613,0
63,DISAGREEMENT,SUBJECTIVE,86,NONIRONIC,0.145845308,0.213880781,0
64,DISAGREEMENT,SUBJECTIVE,86,NONIRONIC,0.130823687,0.230325972,0
65,AGREEMENT,OBJECTIVE,100,NONIRONIC,0.262868618,0.305359407,0
66,DISAGREEMENT,OBJECTIVE,94,NONIRONIC,0.133553475,0.108459702,0
67,DISAGREEMENT,SUBJECTIVE,81,NONIRONIC,0.290822375,0.123430308,0
68,DISAGREEMENT,OBJECTIVE,86,NONIRONIC,0.306104699,0.148537206,1
69,DISAGREEMENT,SUBJECTIVE,86,NONIRONIC,0.230521745,0.202963525,0
70,DISAGREEMENT,SUBJECTIVE,86,NONIRONIC,0.236123595,0.217242094,0
71,DISAGREEMENT,SUBJECTIVE,86,NONIRONIC,0.262409693,0.198076813,0
72,DISAGREEMENT,SUBJECTIVE,84,IRONIC,0.158370236,0.138856306,0
73,DISAGREEMENT,SUBJECTIVE,74,IRONIC,0.118367958,0.403774594,0
74,DISAGREEMENT,SUBJECTIVE,86,NONIRONIC,0.29703726,0.11936954,1
75,DISAGREEMENT,SUBJECTIVE,86,NONIRONIC,0.162748821,0.252013376,0
76,DISAGREEMENT,SUBJECTIVE,92,NONIRONIC,0.242181279,0.276589827,1
77,DISAGREEMENT,SUBJECTIVE,83,NONIRONIC,0.260044407,0.191276551,0
78,DISAGREEMENT,SUBJECTIVE,91,NONIRONIC,0.26823506,0.217981086,0
79,DISAGREEMENT,SUBJECTIVE,91,NONIRONIC,0.364327437,0.180635188,1
80,DISAGREEMENT,SUBJECTIVE,86,NONIRONIC,0.197120745,0.135762494,1
81,DISAGREEMENT,SUBJECTIVE,86,NONIRONIC,0.200570515,0.21860043,0
82,DISAGREEMENT,SUBJECTIVE,76,IRONIC,0.165203886,0.0854314,0
83,AGREEMENT,OBJECTIVE,100,NONIRONIC,0.162291589,0.322862947,1
84,DISAGREEMENT,SUBJECTIVE,86,NONIRONIC,0.036272528,0.040737026,0
85,DISAGREEMENT,SUBJECTIVE,76,IRONIC,0.169477075,0.198318903,0
86,DISAGREEMENT,SUBJECTIVE,83,NONIRONIC,0.311921502,0.221913166,1
87,DISAGREEMENT,OBJECTIVE,86,NONIRONIC,0.263716646,0.160830345,1
88,DISAGREEMENT,SUBJECTIVE,86,NONIRONIC,0.067178097,0.158181169,0
89,DISAGREEMENT,SUBJECTIVE,76,IRONIC,0.211804584,0.173338591,0
90,DISAGREEMENT,SUBJECTIVE,86,NONIRONIC,0.254343226,0.167631993,0
91,DISAGREEMENT,SUBJECTIVE,76,IRONIC,0.067895686,0.085794533,0
92,DISAGREEMENT,SUBJECTIVE,86,NONIRONIC,0.143051046,0.074838733,1
93,DISAGREEMENT,OBJECTIVE,91,NONIRONIC,0.258965548,0.211698209,1
94,DISAGREEMENT,SUBJECTIVE,76,IRONIC,0.053500737,0.185754486,0
95,DISAGREEMENT,SUBJECTIVE,86,NONIRONIC,0.138663304,0.201646179,0
96,DISAGREEMENT,SUBJECTIVE,86,NONIRONIC,0.19934589,0.226418565,0
97,DISAGREEMENT,SUBJECTIVE,86,NONIRONIC,0.26450003,0.182765423,0
98,DISAGREEMENT,SUBJECTIVE,86,NONIRONIC,0.154480948,0.206720938,0
99,DISAGREEMENT,SUBJECTIVE,92,NONIRONIC,0.106060792,0.181760191,1
100,DISAGREEMENT,SUBJECTIVE,74,IRONIC,0.106943656,0.129374413,0
101,AGREEMENT,OBJECTIVE,100,NONIRONIC,0.299785031,0.159873731,0
102,DISAGREEMENT,SUBJECTIVE,83,NONIRONIC,0.452871239,0.121942061,1
103,DISAGREEMENT,SUBJECTIVE,86,NONIRONIC,0.62715459,0.115226661,1
104,DISAGREEMENT,SUBJECTIVE,76,IRONIC,0.221244857,0.291718732,0
105,DISAGREEMENT,SUBJECTIVE,84,NONIRONIC,0.132762161,0.287341836,0
106,DISAGREEMENT,SUBJECTIVE,86,NONIRONIC,0.457477471,0.13546642,1
107,DISAGREEMENT,SUBJECTIVE,86,NONIRONIC,0.248765829,0.200791961,0
108,DISAGREEMENT,SUBJECTIVE,86,NONIRONIC,0.17096036,0.186232694,0
109,DISAGREEMENT,SUBJECTIVE,76,IRONIC,0.224488613,0.215526598,0
110,DISAGREEMENT,SUBJECTIVE,86,NONIRONIC,0.301976222,0.19960256,0
111,DISAGREEMENT,SUBJECTIVE,86,NONIRONIC,0.154953098,0.168926868,1
112,DISAGREEMENT,SUBJECTIVE,83,NONIRONIC,0.146368275,0.192814011,0
113,DISAGREEMENT,SUBJECTIVE,86,NONIRONIC,0.271963785,0.157992576,0
114,DISAGREEMENT,SUBJECTIVE,86,NONIRONIC,0.212433664,0.077586771,1
115,DISAGREEMENT,SUBJECTIVE,83,NONIRONIC,0.268491733,0.124111355,0
116,DISAGREEMENT,SUBJECTIVE,74,IRONIC,0.125265745,0.138608535,1
117,DISAGREEMENT,SUBJECTIVE,86,NONIRONIC,0.337750043,0.158660166,0
118,DISAGREEMENT,SUBJECTIVE,86,NONIRONIC,0.248686909,0.185110249,0
119,DISAGREEMENT,SUBJECTIVE,86,NONIRONIC,0.206719974,0.106826654,1
120,DISAGREEMENT,SUBJECTIVE,86,NONIRONIC,0.196444752,0.15136277,0
121,DISAGREEMENT,SUBJECTIVE,76,IRONIC,0.20182058,0.203071126,0
122,DISAGREEMENT,SUBJECTIVE,86,NONIRONIC,0.166397971,0.149085107,0
123,DISAGREEMENT,SUBJECTIVE,94,NONIRONIC,0.165317785,0.219620733,0
124,DISAGREEMENT,SUBJECTIVE,76,IRONIC,0.288096209,0.275138864,1
125,DISAGREEMENT,SUBJECTIVE,91,NONIRONIC,0.139231923,0.198566608,1
126,DISAGREEMENT,SUBJECTIVE,81,NONIRONIC,0.081768417,0.080781706,1
127,DISAGREEMENT,SUBJECTIVE,86,NONIRONIC,0.257835922,0.295498948,0
128,DISAGREEMENT,SUBJECTIVE,73,IRONIC,0.23925727,0.107776373,0
129,DISAGREEMENT,SUBJECTIVE,86,NONIRONIC,0.340399117,0.164580071,1
130,DISAGREEMENT,SUBJECTIVE,86,NONIRONIC,0.301626764,0.171558954,0
131,DISAGREEMENT,SUBJECTIVE,86,NONIRONIC,0.273316398,0.199839677,1
132,DISAGREEMENT,SUBJECTIVE,83,NONIRONIC,0.235472039,0.180475029,0
133,DISAGREEMENT,SUBJECTIVE,92,NONIRONIC,0.337844344,0.151106811,0
134,DISAGREEMENT,SUBJECTIVE,76,IRONIC,0.175189473,0.378870928,0
135,DISAGREEMENT,SUBJECTIVE,76,IRONIC,0.32322567,0.165060376,0
136,DISAGREEMENT,SUBJECTIVE,83,NONIRONIC,0.18429522,0.187716185,0
137,DISAGREEMENT,SUBJECTIVE,86,NONIRONIC,0.513915617,0.149202352,0
138,DISAGREEMENT,SUBJECTIVE,86,NONIRONIC,0.161416678,0.178275321,0
139,DISAGREEMENT,SUBJECTIVE,86,NONIRONIC,0.239776001,0.129593143,0
140,DISAGREEMENT,SUBJECTIVE,84,NONIRONIC,0.344321675,0.156894226,1
141,DISAGREEMENT,SUBJECTIVE,86,NONIRONIC,0.236763576,0.171805884,0
142,DISAGREEMENT,SUBJECTIVE,83,NONIRONIC,0.129688203,0.167840541,1
143,DISAGREEMENT,SUBJECTIVE,86,NONIRONIC,0.287304499,0.142576021,1
144,DISAGREEMENT,SUBJECTIVE,86,NONIRONIC,0.132617328,0.120658334,1
145,DISAGREEMENT,SUBJECTIVE,84,NONIRONIC,0.232536724,0.166168932,1
146,DISAGREEMENT,SUBJECTIVE,86,NONIRONIC,0.533909088,0.126256501,0
147,DISAGREEMENT,SUBJECTIVE,86,NONIRONIC,0.142595963,0.145642916,0
148,DISAGREEMENT,SUBJECTIVE,82,IRONIC,0.184434288,0.177250239,1
149,DISAGREEMENT,SUBJECTIVE,86,NONIRONIC,0.28598856,0.240245008,0
150,DISAGREEMENT,SUBJECTIVE,86,NONIRONIC,0.352653547,0.09818332,1
151,DISAGREEMENT,SUBJECTIVE,86,NONIRONIC,0.156308586,0.228452656,1
152,AGREEMENT,OBJECTIVE,100,NONIRONIC,0.04343593,0.109953175,1
153,DISAGREEMENT,SUBJECTIVE,92,NONIRONIC,0.235781247,0.216961432,0
154,DISAGREEMENT,SUBJECTIVE,84,NONIRONIC,0.295281774,0.13602576,1
155,DISAGREEMENT,OBJECTIVE,94,NONIRONIC,0.170196027,0.155743746,1
156,DISAGREEMENT,SUBJECTIVE,86,NONIRONIC,0.063615382,0.219726336,0
157,DISAGREEMENT,SUBJECTIVE,86,NONIRONIC,0.32167069,0.163167547,1
158,DISAGREEMENT,SUBJECTIVE,84,NONIRONIC,0.206184077,0.204909501,0
159,DISAGREEMENT,SUBJECTIVE,86,NONIRONIC,0.078447135,0.059666881,0
160,DISAGREEMENT,SUBJECTIVE,86,NONIRONIC,0.149904866,0.169934521,1
161,DISAGREEMENT,SUBJECTIVE,86,NONIRONIC,0.239200381,0.224351373,0
162,DISAGREEMENT,SUBJECTIVE,86,NONIRONIC,0.207562681,0.20187065,0
163,DISAGREEMENT,SUBJECTIVE,91,NONIRONIC,0.429140168,0.107428804,1
164,DISAGREEMENT,SUBJECTIVE,86,NONIRONIC,0.143776173,0.130487538,0
165,DISAGREEMENT,SUBJECTIVE,84,NONIRONIC,0.257875587,0.136087963,0
166,DISAGREEMENT,SUBJECTIVE,76,IRONIC,0.170511114,0.221027419,0
167,DISAGREEMENT,SUBJECTIVE,86,NONIRONIC,0.310784872,0.215447437,1
168,DISAGREEMENT,SUBJECTIVE,91,NONIRONIC,0.503264292,0.158169567,1
169,DISAGREEMENT,SUBJECTIVE,90,NONIRONIC,0.089782345,0.275306106,1
170,DISAGREEMENT,SUBJECTIVE,84,IRONIC,0.256791514,0.211077696,1
171,DISAGREEMENT,SUBJECTIVE,86,NONIRONIC,0.163902782,0.371576949,1
172,DISAGREEMENT,SUBJECTIVE,76,IRONIC,0.217274278,0.138113585,0
173,DISAGREEMENT,SUBJECTIVE,73,IRONIC,0.35263696,0.267692444,0
174,DISAGREEMENT,SUBJECTIVE,74,IRONIC,0.158807232,0.101215072,1
175,DISAGREEMENT,SUBJECTIVE,86,NONIRONIC,0.100082696,0.107343787,0
176,DISAGREEMENT,SUBJECTIVE,86,NONIRONIC,0.325054392,0.214255365,0
177,DISAGREEMENT,SUBJECTIVE,84,NONIRONIC,0.070658977,0.104293943,0
178,DISAGREEMENT,SUBJECTIVE,86,NONIRONIC,0.298115314,0.150629356,1
179,DISAGREEMENT,SUBJECTIVE,86,NONIRONIC,0.126281269,0.174423373,0
180,DISAGREEMENT,SUBJECTIVE,86,NONIRONIC,0.193550843,0.236193133,0
181,DISAGREEMENT,SUBJECTIVE,86,NONIRONIC,0.270999785,0.176362965,1
182,DISAGREEMENT,SUBJECTIVE,94,NONIRONIC,0.424260074,0.174946644,0
183,DISAGREEMENT,SUBJECTIVE,92,NONIRONIC,0.088603898,0.108541947,1
184,DISAGREEMENT,SUBJECTIVE,74,IRONIC,0.051168014,0.07346653,1
185,DISAGREEMENT,SUBJECTIVE,84,NONIRONIC,0.211078143,0.114325388,0
186,DISAGREEMENT,OBJECTIVE,86,NONIRONIC,0.247117172,0.196481948,0
187,DISAGREEMENT,OBJECTIVE,92,NONIRONIC,0.130422024,0.155586455,1
188,DISAGREEMENT,SUBJECTIVE,86,NONIRONIC,0.230388383,0.191232283,1
189,DISAGREEMENT,SUBJECTIVE,86,NONIRONIC,0.287341765,0.182980216,1
190,DISAGREEMENT,SUBJECTIVE,76,IRONIC,0.128013786,0.232352856,1
191,DISAGREEMENT,SUBJECTIVE,86,NONIRONIC,0.113711972,0.288587916,0
192,DISAGREEMENT,SUBJECTIVE,86,NONIRONIC,0.215623943,0.188458738,0
193,DISAGREEMENT,SUBJECTIVE,94,NONIRONIC,0.226109239,0.164106511,1
194,DISAGREEMENT,SUBJECTIVE,91,NONIRONIC,0.206421695,0.437329915,0
195,DISAGREEMENT,SUBJECTIVE,86,NONIRONIC,0.312865997,0.15016518,0
196,DISAGREEMENT,OBJECTIVE,94,NONIRONIC,0.099161586,0.140232461,1
197,DISAGREEMENT,SUBJECTIVE,94,NONIRONIC,0.152116885,0.159490053,1
198,DISAGREEMENT,SUBJECTIVE,84,NONIRONIC,0.245631776,0.197858884,0
199,DISAGREEMENT,OBJECTIVE,94,NONIRONIC,0.307145667,0.115667511,0
200,DISAGREEMENT,SUBJECTIVE,86,NONIRONIC,0.058820025,0.050100187,1
201,DISAGREEMENT,SUBJECTIVE,86,NONIRONIC,0.384319967,0.190884272,1
202,DISAGREEMENT,SUBJECTIVE,73,IRONIC,0.151955713,0.152953796,1
203,DISAGREEMENT,SUBJECTIVE,76,IRONIC,0.080842906,0.288661344,0
204,DISAGREEMENT,SUBJECTIVE,94,NONIRONIC,0.213941147,0.165538187,0
205,DISAGREEMENT,SUBJECTIVE,92,NONIRONIC,0.382505915,0.186319952,0
206,DISAGREEMENT,SUBJECTIVE,86,NONIRONIC,0.102496684,0.192681016,0
207,DISAGREEMENT,SUBJECTIVE,86,NONIRONIC,0.258068211,0.217589101,0
208,AGREEMENT,SUBJECTIVE,92,NONIRONIC,0.289191041,0.180860284,1
209,DISAGREEMENT,SUBJECTIVE,76,IRONIC,0.315874559,0.068424754,1
210,DISAGREEMENT,SUBJECTIVE,76,IRONIC,0.526698027,0.188309045,1
211,DISAGREEMENT,SUBJECTIVE,83,NONIRONIC,0.096827601,0.122938351,0
212,DISAGREEMENT,SUBJECTIVE,86,NONIRONIC,0.242574464,0.158830925,1
213,DISAGREEMENT,SUBJECTIVE,84,NONIRONIC,0.390278644,0.142714787,1
214,DISAGREEMENT,SUBJECTIVE,91,NONIRONIC,0.061462864,0.112093782,0
215,DISAGREEMENT,SUBJECTIVE,86,NONIRONIC,0.22080055,0.240415736,0
216,DISAGREEMENT,SUBJECTIVE,83,NONIRONIC,0.405201941,0.17536355,0
217,DISAGREEMENT,SUBJECTIVE,86,NONIRONIC,0.193809171,0.197621439,0
218,DISAGREEMENT,SUBJECTIVE,86,NONIRONIC,0.253773286,0.180954841,1
219,DISAGREEMENT,SUBJECTIVE,86,NONIRONIC,0.11068332,0.129075981,1
220,DISAGREEMENT,SUBJECTIVE,86,NONIRONIC,0.306647714,0.205763985,0
221,DISAGREEMENT,SUBJECTIVE,83,NONIRONIC,0.172027126,0.209973557,0
222,DISAGREEMENT,SUBJECTIVE,92,NONIRONIC,0.362390147,0.170857855,0
223,DISAGREEMENT,SUBJECTIVE,86,NONIRONIC,0.106212067,0.143467386,1
224,DISAGREEMENT,SUBJECTIVE,86,NONIRONIC,0.314484467,0.170457787,1
225,DISAGREEMENT,SUBJECTIVE,86,NONIRONIC,0.286723052,0.174913469,1
226,DISAGREEMENT,SUBJECTIVE,86,NONIRONIC,0.224149514,0.169082187,0
227,DISAGREEMENT,SUBJECTIVE,86,NONIRONIC,0.102920847,0.132847908,0
228,DISAGREEMENT,SUBJECTIVE,86,NONIRONIC,0.293512712,0.148373549,0
229,DISAGREEMENT,SUBJECTIVE,86,NONIRONIC,0.189039443,0.186119745,0
230,DISAGREEMENT,SUBJECTIVE,92,NONIRONIC,0.180975637,0.259670861,0
231,DISAGREEMENT,SUBJECTIVE,94,NONIRONIC,0.058385269,0.068423657,1
232,DISAGREEMENT,SUBJECTIVE,76,IRONIC,0.295968239,0.159957825,0
233,DISAGREEMENT,SUBJECTIVE,94,NONIRONIC,0.191491546,0.135902029,1
234,DISAGREEMENT,SUBJECTIVE,86,NONIRONIC,0.154651696,0.262083288,0
235,AGREEMENT,OBJECTIVE,100,NONIRONIC,0.116180038,0.255462675,1
236,DISAGREEMENT,SUBJECTIVE,86,NONIRONIC,0.154134987,0.164411211,1
237,AGREEMENT,SUBJECTIVE,100,NONIRONIC,0.101640931,0.130118988,1
238,AGREEMENT,OBJECTIVE,100,NONIRONIC,0.187939464,0.079432471,1
239,DISAGREEMENT,SUBJECTIVE,76,IRONIC,0.157701781,0.273829652,0
240,DISAGREEMENT,SUBJECTIVE,92,NONIRONIC,0.165563057,0.187437641,0
241,DISAGREEMENT,SUBJECTIVE,86,NONIRONIC,0.230314238,0.126102636,1
242,DISAGREEMENT,SUBJECTIVE,86,NONIRONIC,0.099009889,0.097111294,0
243,DISAGREEMENT,SUBJECTIVE,86,NONIRONIC,0.128369252,0.116807066,0
244,DISAGREEMENT,SUBJECTIVE,73,IRONIC,0.242219953,0.275952492,0
245,DISAGREEMENT,SUBJECTIVE,86,NONIRONIC,0.336263156,0.168526517,1
246,DISAGREEMENT,SUBJECTIVE,76,IRONIC,0.300036127,0.214223788,1
247,DISAGREEMENT,SUBJECTIVE,86,NONIRONIC,0.213985231,0.245317952,1
248,DISAGREEMENT,SUBJECTIVE,86,NONIRONIC,0.145272358,0.138939735,0
249,DISAGREEMENT,SUBJECTIVE,86,NONIRONIC,0.226879287,0.120306852,0
250,DISAGREEMENT,SUBJECTIVE,83,NONIRONIC,0.316511639,0.179417796,0
251,DISAGREEMENT,SUBJECTIVE,94,NONIRONIC,0.211142787,0.134783749,0
252,DISAGREEMENT,SUBJECTIVE,86,NONIRONIC,0.090015835,0.105915229,1
253,DISAGREEMENT,OBJECTIVE,94,NONIRONIC,0.343468367,0.123034496,1
254,DISAGREEMENT,SUBJECTIVE,86,NONIRONIC,0.152144088,0.142947424,1
255,DISAGREEMENT,SUBJECTIVE,94,NONIRONIC,0.233846474,0.27042192,0
256,DISAGREEMENT,SUBJECTIVE,84,NONIRONIC,0.137115014,0.215773346,0
257,DISAGREEMENT,SUBJECTIVE,86,NONIRONIC,0.12639008,0.190656555,0
258,DISAGREEMENT,SUBJECTIVE,92,NONIRONIC,0.095934696,0.107493028,1
259,DISAGREEMENT,SUBJECTIVE,86,NONIRONIC,0.343245436,0.140619818,0
260,DISAGREEMENT,SUBJECTIVE,76,IRONIC,0.323888803,0.182579719,1
261,DISAGREEMENT,SUBJECTIVE,86,NONIRONIC,0.26819096,0.171630804,0
262,DISAGREEMENT,SUBJECTIVE,92,NONIRONIC,0.052960124,0.127304975,1
263,DISAGREEMENT,SUBJECTIVE,86,NONIRONIC,0.172130419,0.111569801,0
264,DISAGREEMENT,SUBJECTIVE,76,IRONIC,0.140626626,0.228303888,0
265,DISAGREEMENT,SUBJECTIVE,86,NONIRONIC,0.305711999,0.197458277,0
266,DISAGREEMENT,SUBJECTIVE,94,NONIRONIC,0.21022409,0.217503111,1
267,DISAGREEMENT,SUBJECTIVE,94,NONIRONIC,0.167380967,0.25174099,1
268,DISAGREEMENT,SUBJECTIVE,76,IRONIC,0.329705706,0.173327593,0
269,DISAGREEMENT,SUBJECTIVE,84,IRONIC,0.231034854,0.24236835,1
270,DISAGREEMENT,SUBJECTIVE,76,IRONIC,0.39414688,0.171641551,1
271,DISAGREEMENT,OBJECTIVE,94,NONIRONIC,0.29346891,0.217483887,1
272,DISAGREEMENT,SUBJECTIVE,86,NONIRONIC,0.46304634,0.181382521,0
273,DISAGREEMENT,OBJECTIVE,91,NONIRONIC,0.488436714,0.127657316,1
274,DISAGREEMENT,SUBJECTIVE,86,NONIRONIC,0.398081759,0.168236575,1
275,AGREEMENT,OBJECTIVE,100,NONIRONIC,0.360837945,0.205882472,1
276,DISAGREEMENT,SUBJECTIVE,86,NONIRONIC,0.677744239,0.048330259,1
277,AGREEMENT,SUBJECTIVE,98,NONIRONIC,0.126030091,0.069111804,1
278,DISAGREEMENT,SUBJECTIVE,86,NONIRONIC,0.295292891,0.212274423,0
279,DISAGREEMENT,SUBJECTIVE,76,IRONIC,0.08576829,0.214309193,0
280,DISAGREEMENT,SUBJECTIVE,86,NONIRONIC,0.233488086,0.234667472,0
281,AGREEMENT,OBJECTIVE,100,NONIRONIC,0.259888513,0.159315701,1
282,DISAGREEMENT,SUBJECTIVE,83,NONIRONIC,0.452340156,0.155192238,1
283,AGREEMENT,SUBJECTIVE,100,NONIRONIC,0.400950111,0.136677456,1
284,DISAGREEMENT,SUBJECTIVE,86,NONIRONIC,0.056720203,0.124671037,0
285,DISAGREEMENT,SUBJECTIVE,84,IRONIC,0.137592057,0.173254445,1
286,DISAGREEMENT,SUBJECTIVE,86,NONIRONIC,0.344440583,0.143495086,1
287,DISAGREEMENT,SUBJECTIVE,86,NONIRONIC,0.346523415,0.200017775,0
288,DISAGREEMENT,SUBJECTIVE,86,NONIRONIC,0.184493725,0.218542243,1
289,DISAGREEMENT,SUBJECTIVE,86,NONIRONIC,0.148995839,0.220957567,0
290,AGREEMENT,OBJECTIVE,92,NONIRONIC,0.244245778,0.24840136,1
291,DISAGREEMENT,SUBJECTIVE,74,IRONIC,0.211837546,0.17836419,1
292,DISAGREEMENT,SUBJECTIVE,86,NONIRONIC,0.157450174,0.123497242,1
293,DISAGREEMENT,OBJECTIVE,86,NONIRONIC,0.211514739,0.26559229,0
294,DISAGREEMENT,SUBJECTIVE,86,NONIRONIC,0.513369051,0.184196222,1
295,AGREEMENT,SUBJECTIVE,92,NONIRONIC,0.552826543,0.082961016,1
296,DISAGREEMENT,SUBJECTIVE,91,NONIRONIC,0.259032904,0.10978163,0
297,DISAGREEMENT,SUBJECTIVE,86,NONIRONIC,0.292735182,0.116460693,1
298,DISAGREEMENT,SUBJECTIVE,86,NONIRONIC,0.107387062,0.154727764,1
299,DISAGREEMENT,SUBJECTIVE,94,NONIRONIC,0.099233216,0.131832334,1
300,DISAGREEMENT,SUBJECTIVE,86,NONIRONIC,0.154263371,0.123569184,1
301,DISAGREEMENT,SUBJECTIVE,86,NONIRONIC,0.584971068,0.111345642,1
302,DISAGREEMENT,SUBJECTIVE,86,NONIRONIC,0.128829634,0.241144509,0
303,AGREEMENT,SUBJECTIVE,98,NONIRONIC,0.17259939,0.188694887,1
304,AGREEMENT,SUBJECTIVE,100,NONIRONIC,0.229451537,0.121959898,1
305,DISAGREEMENT,SUBJECTIVE,86,NONIRONIC,0.085766183,0.09261213,1
306,AGREEMENT,SUBJECTIVE,100,NONIRONIC,0.187087845,0.169810865,1
307,DISAGREEMENT,SUBJECTIVE,76,IRONIC,0.353403392,0.192474767,1
308,DISAGREEMENT,SUBJECTIVE,73,IRONIC,0.304922937,0.123364485,1
309,DISAGREEMENT,SUBJECTIVE,86,NONIRONIC,0.287154536,0.184935318,0
310,DISAGREEMENT,SUBJECTIVE,74,IRONIC,0.17247085,0.246208181,0
311,DISAGREEMENT,SUBJECTIVE,84,NONIRONIC,0.349534375,0.176657937,0
312,DISAGREEMENT,SUBJECTIVE,86,NONIRONIC,0.429945654,0.151389964,1
313,DISAGREEMENT,SUBJECTIVE,86,NONIRONIC,0.21316955,0.127553557,0
314,DISAGREEMENT,SUBJECTIVE,76,IRONIC,0.120105711,0.23993174,0
315,DISAGREEMENT,SUBJECTIVE,86,NONIRONIC,0.032273368,0.111516758,0
316,DISAGREEMENT,SUBJECTIVE,86,NONIRONIC,0.320745846,0.150531106,0
317,DISAGREEMENT,SUBJECTIVE,86,NONIRONIC,0.1497387,0.13095401,1
318,DISAGREEMENT,SUBJECTIVE,86,NONIRONIC,0.174859502,0.447923538,0
319,DISAGREEMENT,SUBJECTIVE,86,NONIRONIC,0.156277524,0.137106144,1
320,DISAGREEMENT,SUBJECTIVE,86,NONIRONIC,0.042371249,0.095178892,0
321,AGREEMENT,SUBJECTIVE,100,NONIRONIC,0.270729418,0.176988135,0
322,DISAGREEMENT,SUBJECTIVE,83,NONIRONIC,0.35115008,0.085974289,1
323,DISAGREEMENT,SUBJECTIVE,94,NONIRONIC,0.271904138,0.213087584,0
324,DISAGREEMENT,SUBJECTIVE,86,NONIRONIC,0.344554335,0.119311666,1
325,DISAGREEMENT,SUBJECTIVE,83,NONIRONIC,0.139539889,0.051510646,0
326,DISAGREEMENT,SUBJECTIVE,86,NONIRONIC,0.101024946,0.140699684,0
327,DISAGREEMENT,SUBJECTIVE,84,NONIRONIC,0.248865724,0.143250466,1
328,DISAGREEMENT,SUBJECTIVE,91,NONIRONIC,0.12035865,0.107763095,1
329,AGREEMENT,OBJECTIVE,100,NONIRONIC,0.303969572,0.25450064,1
330,DISAGREEMENT,OBJECTIVE,91,NONIRONIC,0.224549044,0.234285652,1
331,DISAGREEMENT,OBJECTIVE,94,NONIRONIC,0.269638342,0.151926003,1
332,DISAGREEMENT,SUBJECTIVE,76,IRONIC,0.303548794,0.161655472,0
333,DISAGREEMENT,SUBJECTIVE,86,NONIRONIC,0.378427652,0.174005353,1
334,DISAGREEMENT,SUBJECTIVE,86,NONIRONIC,0.274780252,0.117050716,1
335,DISAGREEMENT,SUBJECTIVE,76,IRONIC,0.253612665,0.158848966,1
336,DISAGREEMENT,SUBJECTIVE,94,NONIRONIC,0.342942273,0.193744057,0
337,DISAGREEMENT,SUBJECTIVE,86,NONIRONIC,0.15784446,0.187864717,1
338,DISAGREEMENT,SUBJECTIVE,94,NONIRONIC,0.307976184,0.18260726,1
339,DISAGREEMENT,SUBJECTIVE,91,NONIRONIC,0.624128219,0.122710653,1
340,DISAGREEMENT,OBJECTIVE,86,NONIRONIC,0.203732267,0.130016606,1
341,DISAGREEMENT,SUBJECTIVE,83,NONIRONIC,0.279761267,0.157640196,0
342,DISAGREEMENT,SUBJECTIVE,91,NONIRONIC,0.263142174,0.150747265,0
343,DISAGREEMENT,SUBJECTIVE,86,NONIRONIC,0.30399134,0.174912862,1
344,DISAGREEMENT,SUBJECTIVE,84,NONIRONIC,0.23988752,0.241030446,1
345,DISAGREEMENT,SUBJECTIVE,84,NONIRONIC,0.204073987,0.139884639,1
346,DISAGREEMENT,SUBJECTIVE,86,NONIRONIC,0.312683947,0.146128002,0
347,DISAGREEMENT,SUBJECTIVE,86,NONIRONIC,0.099547495,0.209147015,0
348,DISAGREEMENT,SUBJECTIVE,92,NONIRONIC,0.213210872,0.183495462,1
349,DISAGREEMENT,SUBJECTIVE,86,NONIRONIC,0.166956021,0.230855292,0
350,DISAGREEMENT,SUBJECTIVE,86,NONIRONIC,0.144387774,0.144105202,0
351,DISAGREEMENT,SUBJECTIVE,76,IRONIC,0.312025391,0.16930103,0
352,DISAGREEMENT,SUBJECTIVE,86,NONIRONIC,0.35691485,0.158566754,1
353,DISAGREEMENT,SUBJECTIVE,82,NONIRONIC,0.213486665,0.245667252,1
354,DISAGREEMENT,SUBJECTIVE,92,NONIRONIC,0.252166214,0.163967118,0
355,DISAGREEMENT,SUBJECTIVE,86,NONIRONIC,0.075322735,0.100697331,0
356,DISAGREEMENT,SUBJECTIVE,86,NONIRONIC,0.179410074,0.21563492,0
357,DISAGREEMENT,SUBJECTIVE,86,NONIRONIC,0.331514271,0.085807474,0
358,DISAGREEMENT,SUBJECTIVE,83,NONIRONIC,0.239132772,0.148996605,0
359,DISAGREEMENT,SUBJECTIVE,86,NONIRONIC,0.321719891,0.222206819,0
360,DISAGREEMENT,SUBJECTIVE,86,NONIRONIC,0.321778852,0.149935746,0
361,DISAGREEMENT,SUBJECTIVE,94,NONIRONIC,0.307384053,0.12836395,1
362,DISAGREEMENT,SUBJECTIVE,86,NONIRONIC,0.370448144,0.136927932,0
363,DISAGREEMENT,SUBJECTIVE,86,NONIRONIC,0.161781947,0.299042882,0
364,AGREEMENT,OBJECTIVE,100,NONIRONIC,0.013673369,0.019374559,1
365,DISAGREEMENT,SUBJECTIVE,83,NONIRONIC,0.369589402,0.184350766,1
366,DISAGREEMENT,SUBJECTIVE,86,NONIRONIC,0.355745399,0.112681474,1
367,DISAGREEMENT,SUBJECTIVE,94,NONIRONIC,0.153420523,0.156079746,1
368,DISAGREEMENT,SUBJECTIVE,86,NONIRONIC,0.275327448,0.241448847,0
369,DISAGREEMENT,SUBJECTIVE,76,IRONIC,0.048780596,0.15628954,1
370,DISAGREEMENT,SUBJECTIVE,86,NONIRONIC,0.186868215,0.131166668,1
371,DISAGREEMENT,SUBJECTIVE,86,NONIRONIC,0.103222233,0.236734988,1
372,DISAGREEMENT,SUBJECTIVE,83,NONIRONIC,0.170243912,0.277279841,0
373,DISAGREEMENT,SUBJECTIVE,83,NONIRONIC,0.18069897,0.132901376,1
374,DISAGREEMENT,SUBJECTIVE,86,NONIRONIC,0.099188357,0.117106808,0
375,AGREEMENT,SUBJECTIVE,100,NONIRONIC,0.17925021,0.128333115,0
376,DISAGREEMENT,SUBJECTIVE,94,NONIRONIC,0.269666371,0.206463353,1
377,DISAGREEMENT,SUBJECTIVE,86,NONIRONIC,0.12838102,0.223053369,1
378,DISAGREEMENT,SUBJECTIVE,86,NONIRONIC,0.119853567,0.183338961,0
379,DISAGREEMENT,SUBJECTIVE,86,NONIRONIC,0.102631128,0.412793091,0
380,DISAGREEMENT,SUBJECTIVE,94,NONIRONIC,0.169134228,0.14080215,1
381,DISAGREEMENT,SUBJECTIVE,86,NONIRONIC,0.342803224,0.173051644,0
382,DISAGREEMENT,SUBJECTIVE,86,NONIRONIC,0.520998374,0.123063168,0
383,DISAGREEMENT,SUBJECTIVE,86,NONIRONIC,0.070406056,0.330959215,1
384,DISAGREEMENT,OBJECTIVE,76,IRONIC,0.145906653,0.28556809,0
385,DISAGREEMENT,SUBJECTIVE,86,NONIRONIC,0.242634219,0.179307693,0
386,DISAGREEMENT,SUBJECTIVE,76,IRONIC,0.337190422,0.242589581,0
387,DISAGREEMENT,SUBJECTIVE,83,NONIRONIC,0.205773855,0.279172599,0
388,DISAGREEMENT,SUBJECTIVE,92,NONIRONIC,0.256673659,0.191562614,1
389,DISAGREEMENT,SUBJECTIVE,86,NONIRONIC,0.239618061,0.145108436,0
390,DISAGREEMENT,SUBJECTIVE,86,NONIRONIC,0.110862189,0.247651886,1
391,DISAGREEMENT,SUBJECTIVE,71,IRONIC,0.188907243,0.191890919,0
392,DISAGREEMENT,SUBJECTIVE,84,NONIRONIC,0.162036926,0.117283351,0
393,DISAGREEMENT,SUBJECTIVE,94,NONIRONIC,0.110202164,0.286221092,1
394,DISAGREEMENT,SUBJECTIVE,86,NONIRONIC,0.080308059,0.297644752,0
395,DISAGREEMENT,SUBJECTIVE,83,NONIRONIC,0.269334037,0.131409063,1
396,DISAGREEMENT,SUBJECTIVE,73,IRONIC,0.230260015,0.162439175,1
397,AGREEMENT,OBJECTIVE,100,NONIRONIC,0.483913468,0.156536726,1
398,DISAGREEMENT,SUBJECTIVE,83,NONIRONIC,0.188757956,0.223450403,0
399,DISAGREEMENT,SUBJECTIVE,86,NONIRONIC,0.305412276,0.145336766,0
400,AGREEMENT,OBJECTIVE,100,NONIRONIC,0.13768251,0.116913428,1
401,DISAGREEMENT,SUBJECTIVE,76,IRONIC,0.144153891,0.122839299,0
402,DISAGREEMENT,SUBJECTIVE,91,NONIRONIC,0.109047136,0.2808629,0
403,AGREEMENT,SUBJECTIVE,100,NONIRONIC,0.145502207,0.235427711,1
404,DISAGREEMENT,SUBJECTIVE,86,NONIRONIC,0.361116821,0.174898497,1
405,DISAGREEMENT,SUBJECTIVE,86,NONIRONIC,0.108198875,0.22208988,1
406,DISAGREEMENT,SUBJECTIVE,86,NONIRONIC,0.195997409,0.195745583,0
407,DISAGREEMENT,SUBJECTIVE,86,NONIRONIC,0.135423187,0.209292483,0
408,DISAGREEMENT,SUBJECTIVE,73,IRONIC,0.40120025,0.135848336,0
409,DISAGREEMENT,SUBJECTIVE,76,IRONIC,0.066707924,0.178200514,0
410,DISAGREEMENT,SUBJECTIVE,86,NONIRONIC,0.13524519,0.114494123,0
411,DISAGREEMENT,SUBJECTIVE,86,NONIRONIC,0.11802108,0.110162644,0
412,DISAGREEMENT,SUBJECTIVE,86,NONIRONIC,0.216345745,0.203570521,1
413,DISAGREEMENT,SUBJECTIVE,86,NONIRONIC,0.235028443,0.222213723,1
414,DISAGREEMENT,SUBJECTIVE,76,IRONIC,0.247214714,0.156556955,0
415,AGREEMENT,OBJECTIVE,100,NONIRONIC,0.105333018,0.19951574,1
416,DISAGREEMENT,SUBJECTIVE,94,NONIRONIC,0.283603524,0.17188591,1
417,DISAGREEMENT,SUBJECTIVE,86,NONIRONIC,0.160490773,0.28942503,0
418,AGREEMENT,SUBJECTIVE,92,NONIRONIC,0.753949804,0.035840644,1
419,DISAGREEMENT,SUBJECTIVE,86,NONIRONIC,0.120716058,0.077593589,0
420,DISAGREEMENT,SUBJECTIVE,86,NONIRONIC,0.14933056,0.149999942,1
421,DISAGREEMENT,SUBJECTIVE,94,NONIRONIC,0.410697654,0.16075585,1
422,DISAGREEMENT,SUBJECTIVE,86,NONIRONIC,0.151062734,0.183929657,1
423,DISAGREEMENT,SUBJECTIVE,92,NONIRONIC,0.243396321,0.168511469,1
424,DISAGREEMENT,SUBJECTIVE,86,NONIRONIC,0.40156933,0.134391307,1
425,DISAGREEMENT,SUBJECTIVE,86,NONIRONIC,0.164430749,0.252570658,1
426,DISAGREEMENT,SUBJECTIVE,86,NONIRONIC,0.273939511,0.183759825,0
427,DISAGREEMENT,SUBJECTIVE,94,NONIRONIC,0.150649812,0.163995061,1
428,DISAGREEMENT,SUBJECTIVE,86,NONIRONIC,0.142907232,0.232038322,0
429,DISAGREEMENT,SUBJECTIVE,86,NONIRONIC,0.279053838,0.211216325,0
430,DISAGREEMENT,SUBJECTIVE,86,NONIRONIC,0.196583283,0.218778429,0
431,DISAGREEMENT,SUBJECTIVE,86,NONIRONIC,0.188103128,0.157155584,1
432,DISAGREEMENT,SUBJECTIVE,83,NONIRONIC,0.366666215,0.122467907,1
433,DISAGREEMENT,SUBJECTIVE,86,NONIRONIC,0.385364869,0.188551606,0
434,DISAGREEMENT,SUBJECTIVE,92,NONIRONIC,0.139130404,0.290818367,1
435,DISAGREEMENT,SUBJECTIVE,91,NONIRONIC,0.142653377,0.191454928,0
436,DISAGREEMENT,SUBJECTIVE,83,NONIRONIC,0.091896321,0.171689582,1
437,DISAGREEMENT,SUBJECTIVE,92,NONIRONIC,0.085859309,0.123384589,1
438,DISAGREEMENT,SUBJECTIVE,76,IRONIC,0.217373773,0.20550215,1
439,DISAGREEMENT,SUBJECTIVE,94,NONIRONIC,0.134652842,0.104575765,0
440,DISAGREEMENT,SUBJECTIVE,74,IRONIC,0.20282665,0.251846874,1
441,DISAGREEMENT,SUBJECTIVE,94,NONIRONIC,0.11230402,0.07963825,0
442,DISAGREEMENT,SUBJECTIVE,84,NONIRONIC,0.302319697,0.180781314,0
443,DISAGREEMENT,SUBJECTIVE,86,NONIRONIC,0.429814249,0.165703095,0
444,DISAGREEMENT,SUBJECTIVE,86,NONIRONIC,0.231997224,0.154880884,0
445,DISAGREEMENT,SUBJECTIVE,76,IRONIC,0.155118822,0.145233209,0
446,DISAGREEMENT,OBJECTIVE,86,NONIRONIC,0.154538287,0.206324554,1
447,DISAGREEMENT,SUBJECTIVE,86,NONIRONIC,0.417827508,0.187091477,1
448,DISAGREEMENT,SUBJECTIVE,76,IRONIC,0.195008816,0.300643678,0
449,DISAGREEMENT,OBJECTIVE,86,NONIRONIC,0.175857715,0.248779726,1
450,DISAGREEMENT,SUBJECTIVE,86,NONIRONIC,0.091392367,0.092982035,1
451,DISAGREEMENT,SUBJECTIVE,86,NONIRONIC,0.259150448,0.222534697,1
452,DISAGREEMENT,SUBJECTIVE,86,NONIRONIC,0.172074901,0.283356895,0
453,DISAGREEMENT,SUBJECTIVE,86,NONIRONIC,0.173217122,0.264479911,0
454,DISAGREEMENT,SUBJECTIVE,86,NONIRONIC,0.180445826,0.25065282,0
455,DISAGREEMENT,SUBJECTIVE,86,NONIRONIC,0.095957246,0.194266258,0
456,DISAGREEMENT,SUBJECTIVE,86,NONIRONIC,0.246182905,0.145396715,0
457,DISAGREEMENT,SUBJECTIVE,86,NONIRONIC,0.207819275,0.223541575,1
458,DISAGREEMENT,SUBJECTIVE,76,IRONIC,0.064888106,0.106969129,0
459,DISAGREEMENT,SUBJECTIVE,91,NONIRONIC,0.272582141,0.243060981,1
460,DISAGREEMENT,SUBJECTIVE,76,IRONIC,0.100375469,0.212645102,0
461,DISAGREEMENT,SUBJECTIVE,83,NONIRONIC,0.138466578,0.108079515,0
462,DISAGREEMENT,SUBJECTIVE,74,IRONIC,0.115620785,0.112121958,1
463,DISAGREEMENT,SUBJECTIVE,86,NONIRONIC,0.243483192,0.167495389,0
464,DISAGREEMENT,SUBJECTIVE,86,NONIRONIC,0.203834346,0.192361388,0
465,DISAGREEMENT,SUBJECTIVE,86,NONIRONIC,0.231166825,0.251230784,0
466,DISAGREEMENT,SUBJECTIVE,86,NONIRONIC,0.235730031,0.170227537,0
467,DISAGREEMENT,SUBJECTIVE,86,NONIRONIC,0.150635479,0.20458249,0
468,DISAGREEMENT,OBJECTIVE,86,NONIRONIC,0.260298277,0.091812558,1
469,DISAGREEMENT,SUBJECTIVE,91,NONIRONIC,0.129820806,0.22219604,0
470,DISAGREEMENT,SUBJECTIVE,86,NONIRONIC,0.177241781,0.093451253,1
471,DISAGREEMENT,OBJECTIVE,92,NONIRONIC,0.213999483,0.165200664,0
472,DISAGREEMENT,SUBJECTIVE,81,NONIRONIC,0.239016566,0.192351033,1
473,DISAGREEMENT,SUBJECTIVE,86,NONIRONIC,0.212922118,0.137218973,0
474,DISAGREEMENT,SUBJECTIVE,73,IRONIC,0.135040475,0.173203718,1
475,DISAGREEMENT,SUBJECTIVE,86,NONIRONIC,0.274356127,0.181910073,0
476,AGREEMENT,SUBJECTIVE,100,NONIRONIC,0.093221475,0.077163058,1
477,DISAGREEMENT,SUBJECTIVE,82,IRONIC,0.383063391,0.120371135,0
478,DISAGREEMENT,SUBJECTIVE,86,NONIRONIC,0.315090403,0.21097009,0
479,DISAGREEMENT,SUBJECTIVE,86,NONIRONIC,0.152774283,0.17927735,0
480,DISAGREEMENT,SUBJECTIVE,94,NONIRONIC,0.12906624,0.147281053,0
481,DISAGREEMENT,SUBJECTIVE,94,NONIRONIC,0.265497073,0.185811288,0
482,DISAGREEMENT,SUBJECTIVE,73,IRONIC,0.21583952,0.209402246,0
483,DISAGREEMENT,SUBJECTIVE,86,NONIRONIC,0.205898651,0.178730389,0
484,DISAGREEMENT,SUBJECTIVE,76,IRONIC,0.133021203,0.108491596,0
485,DISAGREEMENT,SUBJECTIVE,86,NONIRONIC,0.154057734,0.25677099,0
486,AGREEMENT,OBJECTIVE,100,NONIRONIC,0.113515192,0.114558116,1
487,DISAGREEMENT,SUBJECTIVE,86,NONIRONIC,0.148653495,0.204541543,0
488,DISAGREEMENT,SUBJECTIVE,76,IRONIC,0.213620947,0.159530715,0
489,DISAGREEMENT,SUBJECTIVE,92,NONIRONIC,0.236392526,0.260420356,0
490,DISAGREEMENT,SUBJECTIVE,86,NONIRONIC,0.067489954,0.175299301,1
491,AGREEMENT,OBJECTIVE,100,NONIRONIC,0.280441609,0.242346533,1
492,DISAGREEMENT,SUBJECTIVE,83,NONIRONIC,0.315113939,0.239795226,1
493,DISAGREEMENT,SUBJECTIVE,86,NONIRONIC,0.248018439,0.156633375,0
494,DISAGREEMENT,SUBJECTIVE,92,NONIRONIC,0.331628592,0.176497069,1
495,DISAGREEMENT,SUBJECTIVE,94,NONIRONIC,0.215165235,0.236923373,1
496,DISAGREEMENT,SUBJECTIVE,86,NONIRONIC,0.090119871,0.157331512,0
497,DISAGREEMENT,SUBJECTIVE,86,NONIRONIC,0.180777665,0.219552551,1
498,DISAGREEMENT,SUBJECTIVE,84,NONIRONIC,0.071673109,0.258639247,0
499,DISAGREEMENT,SUBJECTIVE,86,NONIRONIC,0.498391285,0.170247862,1
500,DISAGREEMENT,SUBJECTIVE,86,NONIRONIC,0.19764226,0.158023623,1
